ID;Fish_ID;Oto_box;Cutting_Action;Origin;No_Matches_In_DB;Matches;Duplicate_Sample;Valid_Sample
1;BH-20003;Oto_Box_1;2023_01_31;NA;1;BH-20003;1;TRUE
2;BH-90653;Oto_Box_1;2023_01_31;NA;1;BH-90653;1;TRUE
3;BH-01437;Oto_Box_1;NA;NA;0;NA;1;FALSE
4;BH-20040;Oto_Box_1;2023_01_31;NA;1;BH-20040;1;TRUE
5;BH-00450;Oto_Box_1;2023_01_31;NA;1;BH-00450;1;TRUE
6;BH-20077;Oto_Box_1;2023_01_31;NA;1;BH-20077;1;TRUE
7;BH-01938;Oto_Box_1;2023_01_31;NA;0;NA;2;FALSE
8;BH-20348;Oto_Box_1;2023_01_31;NA;1;BH-20348;1;TRUE
9;BH-20154;Oto_Box_1;2023_01_31;NA;1;BH-20154;1;TRUE
10;BH-90478;Oto_Box_1;2023_01_31;NA;1;BH-90478;1;TRUE
11;BH-01967;Oto_Box_1;2023_01_31;NA;0;NA;2;FALSE
12;BH-01434;Oto_Box_1;NA;NA;0;NA;1;FALSE
13;BH-01961;Oto_Box_1;2023_01_31;NA;1;BH-01961;2;FALSE
14;BH-20219;Oto_Box_1;2023_01_31;NA;1;BH-20219;1;TRUE
15;BH-20144;Oto_Box_1;2023_01_31;NA;1;BH-20144;1;TRUE
16;BH-20311;Oto_Box_1;2023_01_31;NA;1;BH-20311;1;TRUE
17;BH-20388;Oto_Box_1;2023_01_31;NA;1;BH-20388;1;TRUE
18;BH-01470;Oto_Box_1;NA;NA;0;NA;1;FALSE
19;BH-00968;Oto_Box_1;2023_01_31;NA;1;BH-00968;1;TRUE
20;BH-90828;Oto_Box_1;2023_01_31;NA;1;BH-90828;1;TRUE
21;BH-01940;Oto_Box_1;2023_01_31;NA;0;NA;2;FALSE
22;BH-20052;Oto_Box_1;2023_01_31;NA;1;BH-20052;1;TRUE
23;BH-20072;Oto_Box_1;2023_01_31;NA;1;BH-20072;1;TRUE
24;BH-01942;Oto_Box_1;2023_01_31;NA;0;NA;2;FALSE
25;BH-01932;Oto_Box_1;NA;NA;0;NA;2;FALSE
26;BH-20270;Oto_Box_1;2023_01_31;NA;1;BH-20270;1;TRUE
27;BH-00449;Oto_Box_1;2023_01_31;NA;1;BH-00449;1;TRUE
28;BH-00446;Oto_Box_1;2023_01_31;NA;1;BH-00446;1;TRUE
29;BH-01969;Oto_Box_1;2023_01_31;NA;0;NA;2;FALSE
30;BH-01965;Oto_Box_1;2023_01_31;NA;0;NA;2;FALSE
31;BH-91001;Oto_Box_1;2023_01_31;NA;0;NA;1;FALSE
32;BH-20326;Oto_Box_1;2023_01_31;NA;1;BH-20326;1;TRUE
33;BH-01936;Oto_Box_1;2023_01_31;NA;0;NA;2;FALSE
34;BH-20033;Oto_Box_1;2023_01_31;NA;1;BH-20033;1;TRUE
35;BH-20062;Oto_Box_1;2023_01_31;NA;1;BH-20062;1;TRUE
36;BH-00715;Oto_Box_1;2023_01_31;NA;1;BH-00715;1;TRUE
37;BH-01972;Oto_Box_1;2023_01_31;NA;0;BH-01972;1;TRUE
38;BH-01968;Oto_Box_1;2023_01_31;NA;0;NA;2;FALSE
39;BH-20371;Oto_Box_1;2023_01_31;NA;1;BH-20371;1;TRUE
40;BH-20044;Oto_Box_1;2023_01_31;NA;1;BH-20044;1;TRUE
41;BH-20128;Oto_Box_1;2023_01_31;NA;1;BH-20128;1;TRUE
42;BH-00564;Oto_Box_1;2023_01_31;NA;0;BH-00564;1;TRUE
43;BH-00722;Oto_Box_1;2023_01_31;NA;1;BH-00722;1;TRUE
44;BH-20132;Oto_Box_1;2023_01_31;NA;1;BH-20132;1;TRUE
45;BH-01973;Oto_Box_1;2023_01_31;NA;0;NA;1;FALSE
46;BH-01471;Oto_Box_1;NA;NA;0;NA;1;FALSE
47;BH-00710;Oto_Box_1;2023_01_31;NA;1;BH-00710;1;TRUE
48;BH-00706;Oto_Box_1;2023_01_31;NA;1;BH-00706;1;TRUE
49;BH-01964;Oto_Box_1;2023_01_31;NA;0;NA;2;FALSE
50;BH-01500;Oto_Box_1;2023_01_31;NA;0;BH-01500;1;TRUE
51;BH-01941;Oto_Box_1;2023_01_31;NA;0;NA;2;FALSE
52;BH-90875;Oto_Box_1;2023_01_31;NA;1;BH-90875;1;TRUE
53;BH-01635;Oto_Box_1;2023_01_31;NA;2;BH-01635 - BH-01635.X;1;FALSE
54;BH-01975;Oto_Box_1;2023_01_31;NA;0;NA;1;FALSE
55;BH-00709;Oto_Box_1;2023_01_31;NA;1;BH-00709;1;TRUE
56;BH-20167;Oto_Box_1;2023_01_31;NA;1;BH-20167;1;TRUE
57;BH-01963;Oto_Box_1;2023_01_31;NA;1;BH-01963;2;FALSE
58;BH-20010;Oto_Box_1;2023_01_31;NA;1;BH-20010;1;TRUE
59;BH-20229;Oto_Box_1;2023_01_31;NA;1;BH-20229;1;TRUE
60;BH-01943;Oto_Box_1;2023_01_31;NA;0;NA;1;FALSE
61;BH-01718;Oto_Box_1;2023_01_31;NA;1;BH-01718;1;TRUE
62;BH-01983;Oto_Box_1;2023_01_31;NA;0;NA;2;FALSE
63;BH-20135;Oto_Box_1;2023_01_31;NA;1;BH-20135;1;TRUE
64;BH-20258;Oto_Box_1;2023_01_31;NA;1;BH-20258;1;TRUE
65;BH-20063;Oto_Box_1;2023_01_31;NA;1;BH-20063;1;TRUE
66;BH-00721;Oto_Box_1;2023_01_31;NA;1;BH-00721;1;TRUE
67;BH-01960;Oto_Box_1;2023_01_31;NA;1;BH-01960;2;FALSE
68;BH-01958;Oto_Box_1;2023_01_31;NA;1;BH-01958;2;FALSE
69;BH-00704;Oto_Box_1;2023_01_31;NA;1;BH-00704;1;TRUE
70;BH-90910;Oto_Box_1;NA;NA;1;BH-90910;2;FALSE
71;BH-01679;Oto_Box_1;2023_01_31;NA;2;BH-01679 - BH-01679.X;1;FALSE
72;BH-20253;Oto_Box_1;2023_01_31;NA;1;BH-20253;1;TRUE
73;BH-01959;Oto_Box_1;2023_01_31;NA;1;BH-01959;2;FALSE
74;BH-01966;Oto_Box_1;2023_01_31;NA;0;NA;2;FALSE
75;BH-01962;Oto_Box_1;2023_01_31;NA;1;BH-01962;2;FALSE
76;BH-01686;Oto_Box_1;2023_01_31;NA;2;BH-01686 - BH-01686.X;1;FALSE
77;BH-20218;Oto_Box_1;2023_01_31;NA;1;BH-20218;1;TRUE
78;BH-20195;Oto_Box_1;2023_01_31;NA;1;BH-20195;1;TRUE
79;BH-01935;Oto_Box_1;2023_01_31;NA;0;NA;1;FALSE
80;BH-91206;Oto_Box_1;2023_01_31;NA;1;BH-91206;1;TRUE
81;BH-01922;Oto_Box_2;NA;NA;1;BH-01922;1;TRUE
82;BH-01767;Oto_Box_2;NA;NA;1;BH-01767;1;TRUE
83;BH-00424;Oto_Box_2;NA;NA;1;BH-00424;1;TRUE
84;BH-00405;Oto_Box_2;NA;NA;1;BH-00405;1;TRUE
85;BH-90910;Oto_Box_2;NA;NA;1;BH-90910;2;FALSE
86;BH-91068;Oto_Box_2;NA;NA;1;BH-91068;1;TRUE
87;BH-90981;Oto_Box_2;NA;NA;1;BH-90981;1;TRUE
88;BH-01877;Oto_Box_2;NA;NA;1;BH-01877;1;TRUE
89;BH-00355;Oto_Box_2;NA;NA;1;BH-00355;1;TRUE
90;BH-00411;Oto_Box_2;NA;NA;1;BH-00411;1;TRUE
91;BH-91117;Oto_Box_2;NA;NA;1;BH-91117;1;TRUE
92;BH-91013;Oto_Box_2;NA;NA;1;BH-91013;1;TRUE
93;BH-90925;Oto_Box_2;NA;NA;1;BH-90925;1;TRUE
94;BH-01776;Oto_Box_2;NA;NA;1;BH-01776;1;TRUE
95;BH-00418;Oto_Box_2;NA;NA;1;BH-00418;1;TRUE
96;BH-00398;Oto_Box_2;NA;NA;1;BH-00398;1;TRUE
97;BH-91328;Oto_Box_2;NA;NA;1;BH-91328;1;TRUE
98;BH-91050;Oto_Box_2;NA;NA;2;BH-91050.1 - BH-91050.2;1;FALSE
99;BH-91054;Oto_Box_2;NA;NA;1;BH-91054;1;TRUE
100;BH-01772;Oto_Box_2;NA;NA;1;BH-01772;1;TRUE
101;BH-00356;Oto_Box_2;NA;NA;1;BH-00356;1;TRUE
102;BH-00391;Oto_Box_2;NA;NA;1;BH-00391;1;TRUE
103;BH-90962;Oto_Box_2;NA;NA;1;BH-90962;2;FALSE
104;BH-91053;Oto_Box_2;NA;NA;1;BH-91053;1;TRUE
105;BH-90946;Oto_Box_2;NA;NA;1;BH-90946;1;TRUE
106;BH-01774;Oto_Box_2;NA;NA;1;BH-01774;1;TRUE
107;BH-00419;Oto_Box_2;NA;NA;1;BH-00419;1;TRUE
108;BH-00392;Oto_Box_2;NA;NA;1;BH-00392;1;TRUE
109;BH-90997;Oto_Box_2;NA;NA;1;BH-90997;1;TRUE
110;BH-91045;Oto_Box_2;NA;NA;1;BH-91045;1;TRUE
111;BH-90970;Oto_Box_2;NA;NA;1;BH-90970;1;TRUE
112;BH-00433;Oto_Box_3;2023_01_31;NA;1;BH-00433;1;TRUE
113;BH-20274;Oto_Box_3;2023_01_31;NA;1;BH-91663_and_BH-20274;1;TRUE
114;BH-01700;Oto_Box_3;2023_01_31;NA;1;BH-01700;1;TRUE
115;BH-01995;Oto_Box_3;2023_01_31;NA;0;BH-01995;1;TRUE
116;BH-00712;Oto_Box_3;2023_01_31;NA;1;BH-00712;1;TRUE
117;BH-91031;Oto_Box_3;2023_01_31;NA;1;BH-91031;1;TRUE
118;BH-01946;Oto_Box_3;2023_01_31;NA;0;NA;2;FALSE
119;BH-20095;Oto_Box_3;2023_01_31;NA;1;BH-20095;1;TRUE
120;BH-01949;Oto_Box_3;2023_01_31;NA;0;NA;2;FALSE
121;BH-20336;Oto_Box_3;2023_01_31;NA;1;BH-20336;1;TRUE
122;BH-01744;Oto_Box_3;NA;NA;0;NA;1;FALSE
123;BH-20334;Oto_Box_3;2023_01_31;NA;1;BH-20334;1;TRUE
124;BH-01947;Oto_Box_3;2023_01_31;NA;0;NA;2;FALSE
125;BH-20118;Oto_Box_3;2023_01_31;NA;1;BH-20118;1;TRUE
126;BH-01948;Oto_Box_3;2023_01_31;NA;0;NA;3;FALSE
127;BH-20107;Oto_Box_3;2023_01_31;NA;1;BH-20107;1;TRUE
128;BH-20120;Oto_Box_3;2023_01_31;NA;1;BH-20120;1;TRUE
129;BH-20252;Oto_Box_3;2023_01_31;NA;1;BH-20252;1;TRUE
130;BH-20337;Oto_Box_3;2023_01_31;NA;1;BH-20337;1;TRUE
131;BH-20079;Oto_Box_3;2023_01_31;NA;1;BH-20079;1;TRUE
132;BH-20322;Oto_Box_3;2023_01_31;NA;1;BH-20322;1;TRUE
133;BH-00714;Oto_Box_3;2023_01_31;NA;1;BH-00714;1;TRUE
134;BH-20393;Oto_Box_3;2023_01_31;NA;1;BH-20393;1;TRUE
135;BH-20191;Oto_Box_3;2023_01_31;NA;1;BH-20191;1;TRUE
136;BH-20293;Oto_Box_3;2023_01_31;NA;1;BH-20293;1;TRUE
137;BH-20006;Oto_Box_3;2023_01_31;NA;1;BH-20006;1;TRUE
138;BH-20165;Oto_Box_3;2023_01_31;NA;1;BH-20165;1;TRUE
139;BH-20125;Oto_Box_3;2023_01_31;NA;1;BH-20125;1;TRUE
140;BH-20366;Oto_Box_3;2023_01_31;NA;1;BH-20366;1;TRUE
141;BH-20259;Oto_Box_3;2023_01_31;NA;1;BH-20259;1;TRUE
142;BH-20166;Oto_Box_3;2023_01_31;NA;1;BH-20166;1;TRUE
143;BH-20246;Oto_Box_3;2023_01_31;NA;1;BH-20246;1;TRUE
144;BH-20237;Oto_Box_3;2023_01_31;NA;1;BH-20237;1;TRUE
145;BH-20184;Oto_Box_3;2023_01_31;NA;1;BH-20184;1;TRUE
146;BH-20133;Oto_Box_3;2023_01_31;NA;1;BH-20133;1;TRUE
147;BH-20228;Oto_Box_3;2023_01_31;NA;1;BH-20228;1;TRUE
148;BH-03004;Oto_Box_3;2023_01_31;NA;0;BH-03004;1;TRUE
149;BH-00437;Oto_Box_3;2023_01_31;NA;1;BH-00437;1;TRUE
150;BH-20085;Oto_Box_3;2023_01_31;NA;1;BH-20085;1;TRUE
151;BH-20155;Oto_Box_3;2023_01_31;NA;1;BH-20155;1;TRUE
152;BH-01955;Oto_Box_3;2023_01_31;NA;1;BH-01955;2;FALSE
153;BH-00918;Oto_Box_3;NA;NA;0;NA;1;FALSE
154;BH-01994;Oto_Box_3;2023_01_31;NA;0;BH-01994;1;TRUE
155;BH-91265;Oto_Box_3;2023_01_31;NA;1;BH-91265;1;TRUE
156;BH-20308;Oto_Box_3;2023_01_31;NA;1;BH-20308;1;TRUE
157;BH-00719;Oto_Box_3;2023_01_31;NA;1;BH-00719;1;TRUE
158;BH-90259;Oto_Box_3;2023_01_31;NA;1;BH-90259;1;TRUE
159;BH-20249;Oto_Box_3;2023_01_31;NA;1;BH-20249;1;TRUE
160;BH-20101;Oto_Box_3;2023_01_31;NA;1;BH-20101;1;TRUE
161;BH-03001;Oto_Box_3;2023_01_31;NA;0;NA;1;FALSE
162;BH-20312;Oto_Box_3;2023_01_31;NA;1;BH-20312;1;TRUE
163;BH-03011;Oto_Box_3;2023_01_31;NA;0;NA;1;FALSE
164;BH-20109;Oto_Box_3;2023_01_31;NA;1;BH-20109;1;TRUE
165;BH-20151;Oto_Box_3;2023_01_31;NA;1;BH-20151;1;TRUE
166;BH-00711;Oto_Box_3;2023_01_31;NA;1;BH-00711;1;TRUE
167;BH-00442;Oto_Box_3;2023_01_31;NA;1;BH-00442;1;TRUE
168;BH-03005;Oto_Box_3;2023_01_31;NA;0;BH-03005;1;TRUE
169;BH-03013;Oto_Box_3;2023_01_31;NA;0;BH-03013;1;TRUE
170;BH-20291;Oto_Box_3;2023_01_31;NA;1;BH-20291;1;TRUE
171;BH-03000;Oto_Box_3;2023_01_31;NA;0;NA;1;FALSE
172;BH-00441;Oto_Box_3;2023_01_31;NA;1;BH-00441;1;TRUE
173;BH-03012;Oto_Box_3;2023_01_31;NA;0;NA;1;FALSE
174;BH-01952;Oto_Box_3;2023_01_31;NA;1;BH-01952;2;FALSE
175;BH-90994;Oto_Box_4;NA;NA;1;BH-90994;2;FALSE
176;BH-91070;Oto_Box_4;NA;NA;0;NA;2;FALSE
177;BH-90948;Oto_Box_4;NA;NA;1;BH-90948;2;FALSE
178;BH-91339;Oto_Box_4;NA;NA;1;BH-91339;2;FALSE
179;BH-90359;Oto_Box_4;NA;NA;1;BH-90359;2;FALSE
180;BH-90253;Oto_Box_4;NA;NA;1;BH-90253;2;FALSE
181;BH-91091;Oto_Box_4;NA;NA;1;BH-91091;2;FALSE
182;BH-91250;Oto_Box_4;NA;NA;1;BH-91250;2;FALSE
183;BH-90995;Oto_Box_4;NA;NA;1;BH-90995;2;FALSE
184;BH-91920;Oto_Box_4;NA;NA;1;BH-91920;2;FALSE
185;BH-91278;Oto_Box_4;NA;NA;1;BH-91278;2;FALSE
186;BH-90293;Oto_Box_4;NA;NA;1;BH-90293;2;FALSE
187;BH-91320;Oto_Box_4;NA;NA;0;NA;2;FALSE
188;BH-91314;Oto_Box_4;NA;NA;0;NA;2;FALSE
189;BH-01923;Oto_Box_4;NA;NA;0;NA;1;FALSE
190;BH-00997;Oto_Box_4;NA;NA;1;BH-00997;2;FALSE
191;BH-01908;Oto_Box_4;NA;NA;1;BH-01908;1;TRUE
192;BH-90962;Oto_Box_4;NA;NA;1;BH-90962;2;FALSE
193;BH-01907;Oto_Box_4;NA;NA;0;NA;1;FALSE
194;BH-01770;Oto_Box_4;NA;NA;1;BH-01770;2;FALSE
195;BH-91424;Oto_Box_4;NA;NA;1;BH-91424;1;TRUE
196;BH-01925;Oto_Box_4;NA;NA;0;NA;1;FALSE
197;BH-01924;Oto_Box_4;NA;NA;0;NA;1;FALSE
198;BH-01926;Oto_Box_4;NA;NA;0;NA;1;FALSE
199;BH-91278;Oto_Box_4;NA;NA;1;BH-91278;2;FALSE
200;BH-90948;Oto_Box_4;NA;NA;1;BH-90948;2;FALSE
201;BH-91920;Oto_Box_4;NA;NA;1;BH-91920;2;FALSE
202;BH-91339;Oto_Box_4;NA;NA;1;BH-91339;2;FALSE
203;BH-91070;Oto_Box_4;NA;NA;0;NA;2;FALSE
204;BH-90253;Oto_Box_4;NA;NA;1;BH-90253;2;FALSE
205;BH-91250;Oto_Box_4;NA;NA;1;BH-91250;2;FALSE
206;BH-00997;Oto_Box_4;NA;NA;1;BH-00997;2;FALSE
207;BH-91091;Oto_Box_4;NA;NA;1;BH-91091;2;FALSE
208;BH-90359;Oto_Box_4;NA;NA;1;BH-90359;2;FALSE
209;BH-90994;Oto_Box_4;NA;NA;1;BH-90994;2;FALSE
210;BH-90995;Oto_Box_4;NA;NA;1;BH-90995;2;FALSE
211;BH-91314;Oto_Box_4;NA;NA;0;NA;2;FALSE
212;BH-01770;Oto_Box_4;NA;NA;1;BH-01770;2;FALSE
213;BH-90293;Oto_Box_4;NA;NA;1;BH-90293;2;FALSE
214;BH-91320;Oto_Box_4;NA;NA;0;NA;2;FALSE
215;BH-01813;Oto_Box_5;NA;NA;1;BH-01813;1;TRUE
216;BH-01833;Oto_Box_5;NA;NA;1;BH-01833;1;TRUE
217;BH-01858;Oto_Box_5;NA;NA;1;BH-01858;1;TRUE
218;BH-01816;Oto_Box_5;NA;NA;1;BH-01816;1;TRUE
219;BH-01905;Oto_Box_5;NA;NA;0;NA;1;FALSE
220;BH-01871;Oto_Box_5;NA;NA;1;BH-01871;1;TRUE
221;BH-01818;Oto_Box_5;NA;NA;1;BH-01818;1;TRUE
222;BH-01841;Oto_Box_5;NA;NA;1;BH-01841;1;TRUE
223;BH-01811;Oto_Box_5;NA;NA;1;BH-01811;1;TRUE
224;BH-01896;Oto_Box_5;NA;NA;1;BH-01896;1;TRUE
225;BH-01845;Oto_Box_5;NA;NA;1;BH-01845;1;TRUE
226;BH-01801;Oto_Box_5;NA;NA;1;BH-01801;1;TRUE
227;BH-01824;Oto_Box_5;NA;NA;1;BH-01824;1;TRUE
228;BH-01881;Oto_Box_5;NA;NA;1;BH-01881;1;TRUE
229;BH-01839;Oto_Box_5;NA;NA;1;BH-01839;1;TRUE
230;BH-01842;Oto_Box_5;NA;NA;1;BH-01842;1;TRUE
231;BH-01884;Oto_Box_5;NA;NA;1;BH-01884;1;TRUE
232;BH-01828;Oto_Box_5;NA;NA;1;BH-01828;1;TRUE
233;BH-00810;Oto_Box_5;NA;NA;1;BH-00810;1;TRUE
234;BH-01829;Oto_Box_5;NA;NA;1;BH-01829;1;TRUE
235;BH-01880;Oto_Box_5;NA;NA;1;BH-01880;1;TRUE
236;BH-01821;Oto_Box_5;NA;NA;1;BH-01821;1;TRUE
237;BH-01856;Oto_Box_5;NA;NA;1;BH-01856;1;TRUE
238;BH-01837;Oto_Box_5;NA;NA;1;BH-01837;1;TRUE
239;BH-01886;Oto_Box_5;NA;NA;1;BH-01886;1;TRUE
240;BH-01901;Oto_Box_5;NA;NA;1;BH-01901;1;TRUE
241;BH-01848;Oto_Box_5;NA;NA;1;BH-01848;1;TRUE
242;BH-01859;Oto_Box_5;NA;NA;1;BH-01859;1;TRUE
243;BH-01862;Oto_Box_5;NA;NA;1;BH-01862;1;TRUE
244;BH-01827;Oto_Box_5;NA;NA;1;BH-01827;1;TRUE
245;BH-01806;Oto_Box_5;NA;NA;1;BH-01806;1;TRUE
246;BH-01876;Oto_Box_5;NA;NA;1;BH-01876;1;TRUE
247;BH-01888;Oto_Box_5;NA;NA;1;BH-01888;1;TRUE
248;BH-01894;Oto_Box_5;NA;NA;1;BH-01894;1;TRUE
249;BH-01887;Oto_Box_5;NA;NA;1;BH-01887;1;TRUE
250;BH-01852;Oto_Box_5;NA;NA;1;BH-01852;1;TRUE
251;BH-01804;Oto_Box_5;NA;NA;1;BH-01804;1;TRUE
252;BH-01825;Oto_Box_5;NA;NA;1;BH-01825;1;TRUE
253;BH-01863;Oto_Box_5;NA;NA;1;BH-01863;1;TRUE
254;BH-01872;Oto_Box_5;NA;NA;1;BH-01872;1;TRUE
255;BH-01805;Oto_Box_5;NA;NA;1;BH-01805;1;TRUE
256;BH-01838;Oto_Box_5;NA;NA;1;BH-01838;1;TRUE
257;BH-01875;Oto_Box_5;NA;NA;0;NA;1;FALSE
258;BH-01895;Oto_Box_5;NA;NA;1;BH-01895;1;TRUE
259;BH-01851;Oto_Box_5;NA;NA;1;BH-01851;1;TRUE
260;BH-01555;Oto_Box_6;NA;NA;1;BH-01555;1;TRUE
261;BH-01556;Oto_Box_6;NA;NA;1;BH-01556;1;TRUE
262;BH-01560;Oto_Box_6;NA;NA;1;BH-01560;1;TRUE
263;BH-01567;Oto_Box_6;NA;NA;1;BH-01567;1;TRUE
264;BH-01569;Oto_Box_6;NA;NA;1;BH-01569;1;TRUE
265;BH-01570;Oto_Box_6;NA;NA;1;BH-01570;1;TRUE
266;BH-01571;Oto_Box_6;NA;NA;1;BH-01571;1;TRUE
267;BH-01576;Oto_Box_6;NA;NA;1;BH-01576;1;TRUE
268;BH-01580;Oto_Box_6;NA;NA;1;BH-01580;1;TRUE
269;BH-01582;Oto_Box_6;NA;NA;1;BH-01582;1;TRUE
270;BH-01585;Oto_Box_6;NA;NA;2;BH-01585 - BH-01585.X;1;FALSE
271;BH-01588;Oto_Box_6;NA;NA;1;BH-01588;1;TRUE
272;BH-01594;Oto_Box_6;NA;NA;1;BH-01594;1;TRUE
273;BH-01595;Oto_Box_6;NA;NA;1;BH-01595;1;TRUE
274;BH-01596;Oto_Box_6;NA;NA;1;BH-01596;1;TRUE
275;BH-01597;Oto_Box_6;NA;NA;1;BH-01597;1;TRUE
276;BH-01598;Oto_Box_6;NA;NA;1;BH-01598;1;TRUE
277;BH-00385;Oto_Box_6;NA;NA;1;BH-00385;1;TRUE
278;BH-01819;Oto_Box_6;NA;NA;1;BH-01819;1;TRUE
279;BH-01812;Oto_Box_6;NA;NA;1;BH-01812;1;TRUE
280;BH-01809;Oto_Box_6;NA;NA;1;BH-01809;1;TRUE
281;BH-01803;Oto_Box_6;NA;NA;1;BH-01803;1;TRUE
282;BH-01802;Oto_Box_6;NA;NA;1;BH-01802;1;TRUE
283;BH-00696;Oto_Box_6;NA;NA;1;BH-00696;1;TRUE
284;BH-00689;Oto_Box_6;NA;NA;1;BH-00689;1;TRUE
285;BH-00685;Oto_Box_6;NA;NA;1;BH-00685;1;TRUE
286;BH-00681;Oto_Box_6;NA;NA;1;BH-00681;1;TRUE
287;BH-01814;Oto_Box_6;NA;NA;1;BH-01814;1;TRUE
288;BH-01835;Oto_Box_6;NA;NA;1;BH-01835;1;TRUE
289;BH-01846;Oto_Box_6;NA;NA;1;BH-01846;1;TRUE
290;BH-01850;Oto_Box_6;NA;NA;1;BH-01850;1;TRUE
291;BH-01855;Oto_Box_6;NA;NA;1;BH-01855;1;TRUE
292;BH-01860;Oto_Box_6;NA;NA;1;BH-01860;1;TRUE
293;BH-01867;Oto_Box_6;NA;NA;1;BH-01867;1;TRUE
294;BH-01868;Oto_Box_6;NA;NA;1;BH-01868;1;TRUE
295;BH-01869;Oto_Box_6;NA;NA;1;BH-01869;1;TRUE
296;BH-01882;Oto_Box_6;NA;NA;1;BH-01882;1;TRUE
297;BH-01883;Oto_Box_6;NA;NA;1;BH-01883;1;TRUE
298;BH-01885;Oto_Box_6;NA;NA;1;BH-01885;1;TRUE
299;BH-01897;Oto_Box_6;NA;NA;1;BH-01897;1;TRUE
300;BH-01893;Oto_Box_6;NA;NA;1;BH-01893;1;TRUE
301;BH-01892;Oto_Box_6;NA;NA;1;BH-01892;1;TRUE
302;BH-01891;Oto_Box_6;NA;NA;1;BH-01891;1;TRUE
303;BH-01898;Oto_Box_6;NA;NA;1;BH-01898;1;TRUE
304;BH-01889;Oto_Box_6;NA;NA;1;BH-01889;1;TRUE
305;BH-01906;Oto_Box_6;NA;NA;1;BH-01906;1;TRUE
306;BH-01904;Oto_Box_6;NA;NA;1;BH-01904;1;TRUE
307;BH-01903;Oto_Box_6;NA;NA;1;BH-01903;1;TRUE
308;BH-01902;Oto_Box_6;NA;NA;1;BH-01902;1;TRUE
309;BH-01900;Oto_Box_6;NA;NA;1;BH-01900;1;TRUE
310;BH-01899;Oto_Box_6;NA;NA;1;BH-01899;1;TRUE
311;BH-91585;Oto_Box_7;NA;NA;1;BH-91585;1;TRUE
312;BH-91534;Oto_Box_7;NA;NA;1;BH-91534;1;TRUE
313;BH-91588;Oto_Box_7;NA;NA;1;BH-91588;1;TRUE
314;BH-91570;Oto_Box_7;NA;NA;1;BH-91570;1;TRUE
315;BH-91549;Oto_Box_7;NA;NA;1;BH-91549;1;TRUE
316;BH-93015;Oto_Box_7;NA;NA;1;BH-93015;1;TRUE
317;BH-93172;Oto_Box_7;NA;NA;1;BH-93172;1;TRUE
318;BH-92998;Oto_Box_7;NA;NA;1;BH-92998;1;TRUE
319;BH-93952;Oto_Box_7;NA;NA;0;NA;1;FALSE
320;BH-93005;Oto_Box_7;NA;NA;1;BH-93005;1;TRUE
321;BH-93190;Oto_Box_7;NA;NA;1;BH-93190;1;TRUE
322;BH-92991;Oto_Box_7;NA;NA;1;BH-92991;1;TRUE
323;BH-93006;Oto_Box_7;NA;NA;1;BH-93006;2;FALSE
324;BH-93002;Oto_Box_7;NA;NA;1;BH-93002;1;TRUE
325;BH-92993;Oto_Box_7;NA;NA;1;BH-92993;1;TRUE
326;BH-93170;Oto_Box_7;NA;NA;1;BH-93170;1;TRUE
327;BH-92996;Oto_Box_7;NA;NA;1;BH-92996;1;TRUE
328;BH-93143;Oto_Box_7;NA;NA;1;BH-93143;1;TRUE
329;BH-91572;Oto_Box_7;NA;NA;1;BH-91572;1;TRUE
330;BH-91571;Oto_Box_7;NA;NA;1;BH-91571;1;TRUE
331;BH-93047;Oto_Box_7;NA;NA;1;BH-93047;1;TRUE
332;BH-93071;Oto_Box_7;NA;NA;1;BH-93071;1;TRUE
333;BH-92990;Oto_Box_7;NA;NA;1;BH-92990;1;TRUE
334;BH-93178;Oto_Box_7;NA;NA;1;BH-93178;1;TRUE
335;BH-93109;Oto_Box_7;NA;NA;1;BH-93109;1;TRUE
336;BH-93003;Oto_Box_7;NA;NA;1;BH-93003;1;TRUE
337;BH-93007;Oto_Box_7;NA;NA;1;BH-93007;1;TRUE
338;BH-93116;Oto_Box_7;NA;NA;1;BH-93116;1;TRUE
339;BH-93132;Oto_Box_7;NA;NA;1;BH-93132;1;TRUE
340;BH-71000;Oto_Box_7;NA;NA;0;NA;1;FALSE
341;BH-93048;Oto_Box_7;NA;NA;1;BH-93048;1;TRUE
342;BH-93139;Oto_Box_7;NA;NA;1;BH-93139;1;TRUE
343;BH-93097;Oto_Box_7;NA;NA;1;BH-93097;1;TRUE
344;BH-93114;Oto_Box_7;NA;NA;1;BH-93114;1;TRUE
345;BH-93006;Oto_Box_7;NA;NA;1;BH-93006;2;FALSE
346;BH-01551;Oto_Box_8;NA;NA;1;BH-01551;1;TRUE
347;BH-01552;Oto_Box_8;NA;NA;1;BH-01552;1;TRUE
348;BH-01553;Oto_Box_8;NA;NA;1;BH-01553;1;TRUE
349;BH-01558;Oto_Box_8;NA;NA;1;BH-01558;1;TRUE
350;BH-01565;Oto_Box_8;NA;NA;1;BH-01565;1;TRUE
351;BH-01566;Oto_Box_8;NA;NA;1;BH-01566;1;TRUE
352;BH-01568;Oto_Box_8;NA;NA;1;BH-01568;1;TRUE
353;BH-01572;Oto_Box_8;NA;NA;1;BH-01572;1;TRUE
354;BH-01573;Oto_Box_8;NA;NA;1;BH-01573;1;TRUE
355;BH-01559;Oto_Box_8;NA;NA;1;BH-01559;1;TRUE
356;BH-01562;Oto_Box_8;NA;NA;1;BH-01562;1;TRUE
357;BH-01563;Oto_Box_8;NA;NA;1;BH-01563;1;TRUE
358;BH-01564;Oto_Box_8;NA;NA;1;BH-01564;1;TRUE
359;BH-01579;Oto_Box_8;NA;NA;1;BH-01579;1;TRUE
360;BH-01561;Oto_Box_8;NA;NA;1;BH-01561;1;TRUE
361;BH-01577;Oto_Box_8;NA;NA;1;BH-01577;1;TRUE
362;BH-01578;Oto_Box_8;NA;NA;1;BH-01578;1;TRUE
363;BH-01581;Oto_Box_8;NA;NA;1;BH-01581;1;TRUE
364;BH-01590;Oto_Box_8;NA;NA;1;BH-01590;1;TRUE
365;BH-01589;Oto_Box_8;NA;NA;1;BH-01589;1;TRUE
366;BH-01575;Oto_Box_8;NA;NA;1;BH-01575;1;TRUE
367;BH-01574;Oto_Box_8;NA;NA;1;BH-01574;1;TRUE
368;BH-01586;Oto_Box_8;NA;NA;1;BH-01586;1;TRUE
369;BH-01584;Oto_Box_8;NA;NA;1;BH-01584;1;TRUE
370;BH-01593;Oto_Box_8;NA;NA;1;BH-01593;2;FALSE
371;BH-01599;Oto_Box_8;NA;NA;1;BH-01599;1;TRUE
372;BH-01593;Oto_Box_8;NA;NA;1;BH-01593;2;FALSE
373;BH-01592;Oto_Box_8;NA;NA;1;BH-01592;1;TRUE
374;BH-90102;Oto_Box_9;NA;NA;1;BH-90102;1;TRUE
375;BH-90307;Oto_Box_9;NA;NA;1;BH-90307;1;TRUE
376;BH-00055;Oto_Box_9;NA;NA;1;BH-00055;1;TRUE
377;BH-00056;Oto_Box_9;NA;NA;1;BH-00056;1;TRUE
378;BH-00351;Oto_Box_9;NA;NA;1;BH-00351;1;TRUE
379;BH-00352;Oto_Box_9;NA;NA;1;BH-00352;1;TRUE
380;BH-00364;Oto_Box_9;NA;NA;1;BH-00364;1;TRUE
381;BH-00365;Oto_Box_9;NA;NA;1;BH-00365;1;TRUE
382;BH-00367;Oto_Box_9;NA;NA;1;BH-00367;1;TRUE
383;BH-00368;Oto_Box_9;NA;NA;1;BH-00368;1;TRUE
384;BH-00369;Oto_Box_9;NA;NA;1;BH-00369;1;TRUE
385;BH-00370;Oto_Box_9;NA;NA;1;BH-00370;1;TRUE
386;BH-00371;Oto_Box_9;NA;NA;1;BH-00371;1;TRUE
387;BH-00372;Oto_Box_9;NA;NA;1;BH-00372;1;TRUE
388;BH-00376;Oto_Box_9;NA;NA;1;BH-00376;1;TRUE
389;BH-00377;Oto_Box_9;NA;NA;1;BH-00377;1;TRUE
390;BH-00378;Oto_Box_9;NA;NA;1;BH-00378;1;TRUE
391;BH-00379;Oto_Box_9;NA;NA;1;BH-00379;1;TRUE
392;BH-00380;Oto_Box_9;NA;NA;1;BH-00380;1;TRUE
393;BH-00381;Oto_Box_9;NA;NA;1;BH-00381;1;TRUE
394;BH-00382;Oto_Box_9;NA;NA;1;BH-00382;1;TRUE
395;BH-00383;Oto_Box_9;NA;NA;1;BH-00383;1;TRUE
396;BH-00384;Oto_Box_9;NA;NA;1;BH-00384;1;TRUE
397;BH-00445;Oto_Box_9;NA;NA;1;BH-00445;1;TRUE
398;BH-00554;Oto_Box_9;NA;NA;1;BH-00554;1;TRUE
399;BH-00555;Oto_Box_9;NA;NA;1;BH-00555;1;TRUE
400;BH-00560;Oto_Box_9;NA;NA;1;BH-00560;1;TRUE
401;BH-00561;Oto_Box_9;NA;NA;1;BH-00561;1;TRUE
402;BH-00680;Oto_Box_9;NA;NA;1;BH-00680;1;TRUE
403;BH-00289;Oto_Box_9;NA;NA;1;BH-00289;1;TRUE
404;BH-00683;Oto_Box_9;NA;NA;1;BH-00683;1;TRUE
405;BH-00684;Oto_Box_9;NA;NA;1;BH-00684;1;TRUE
406;BH-00686;Oto_Box_9;NA;NA;1;BH-00686;1;TRUE
407;BH-00687;Oto_Box_9;NA;NA;1;BH-00687;1;TRUE
408;BH-00688;Oto_Box_9;NA;NA;1;BH-00688;1;TRUE
409;BH-00690;Oto_Box_9;NA;NA;1;BH-00690;1;TRUE
410;BH-00691;Oto_Box_9;NA;NA;1;BH-00691;1;TRUE
411;BH-00692;Oto_Box_9;NA;NA;1;BH-00692;1;TRUE
412;BH-00693;Oto_Box_9;NA;NA;1;BH-00693;1;TRUE
413;BH-00694;Oto_Box_9;NA;NA;1;BH-00694;1;TRUE
414;BH-00695;Oto_Box_9;NA;NA;1;BH-00695;1;TRUE
415;BH-00697;Oto_Box_9;NA;NA;1;BH-00697;1;TRUE
416;BH-00698;Oto_Box_9;NA;NA;1;BH-00698;1;TRUE
417;BH-00699;Oto_Box_9;NA;NA;1;BH-00699;1;TRUE
418;BH-00700;Oto_Box_9;NA;NA;1;BH-00700;1;TRUE
419;BH-00679;Oto_Box_10;NA;NA;0;NA;1;FALSE
420;BH-00678;Oto_Box_10;NA;NA;0;NA;1;FALSE
421;BH-00676;Oto_Box_10;NA;NA;1;BH-00676;1;TRUE
422;BH-00673;Oto_Box_10;NA;NA;1;BH-00673;1;TRUE
423;BH-00677;Oto_Box_10;NA;NA;1;BH-00677;1;TRUE
424;BH-00675;Oto_Box_10;NA;NA;1;BH-00675;1;TRUE
425;BH-00671;Oto_Box_10;NA;NA;1;BH-00671;1;TRUE
426;BH-00669;Oto_Box_10;NA;NA;1;BH-00669;1;TRUE
427;BH-00674;Oto_Box_10;NA;NA;1;BH-00674;1;TRUE
428;BH-00668;Oto_Box_10;NA;NA;1;BH-00668;1;TRUE
429;BH-00666;Oto_Box_10;NA;NA;1;BH-00666;1;TRUE
430;BH-00664;Oto_Box_10;NA;NA;1;BH-00664;1;TRUE
431;BH-00360;Oto_Box_10;NA;NA;1;BH-00360;1;TRUE
432;BH-00746;Oto_Box_10;NA;NA;1;BH-00746;1;TRUE
433;BH-00429;Oto_Box_10;NA;NA;1;BH-00429;1;TRUE
434;BH-00663;Oto_Box_10;NA;NA;1;BH-00663;1;TRUE
435;BH-00661;Oto_Box_10;NA;NA;1;BH-00661;1;TRUE
436;BH-00660;Oto_Box_10;NA;NA;1;BH-00660;1;TRUE
437;BH-00662;Oto_Box_10;NA;NA;1;BH-00662;1;TRUE
438;BH-00665;Oto_Box_10;NA;NA;1;BH-00665;1;TRUE
439;BH-00667;Oto_Box_10;NA;NA;1;BH-00667;1;TRUE
440;BH-01797;Oto_Box_11;NA;NA;1;BH-01797;1;TRUE
441;BH-01789;Oto_Box_11;NA;NA;1;BH-01789;1;TRUE
442;BH-01787;Oto_Box_11;NA;NA;1;BH-01787;1;TRUE
443;BH-01783;Oto_Box_11;NA;NA;1;BH-01783;1;TRUE
444;BH-01781;Oto_Box_11;NA;NA;1;BH-01781;1;TRUE
445;BH-01779;Oto_Box_11;NA;NA;1;BH-01779;1;TRUE
446;BH-01777;Oto_Box_11;NA;NA;1;BH-01777;1;TRUE
447;BH-01775;Oto_Box_11;NA;NA;1;BH-01775;1;TRUE
448;BH-01773;Oto_Box_11;NA;NA;1;BH-01773;1;TRUE
449;BH-01771;Oto_Box_11;NA;NA;1;BH-01771;1;TRUE
450;BH-01769;Oto_Box_11;NA;NA;1;BH-01769;1;TRUE
451;BH-01768;Oto_Box_11;NA;NA;1;BH-01768;1;TRUE
452;BH-01766;Oto_Box_11;NA;NA;1;BH-01766;1;TRUE
453;BH-01765;Oto_Box_11;NA;NA;1;BH-01765;1;TRUE
454;BH-01764;Oto_Box_11;NA;NA;1;BH-01764;1;TRUE
455;BH-01763;Oto_Box_11;NA;NA;1;BH-01763;1;TRUE
456;BH-01762;Oto_Box_11;NA;NA;1;BH-01762;1;TRUE
457;BH-01761;Oto_Box_11;NA;NA;1;BH-01761;1;TRUE
458;BH-01760;Oto_Box_11;NA;NA;1;BH-01760;1;TRUE
459;BH-01759;Oto_Box_11;NA;NA;1;BH-01759;1;TRUE
460;BH-01758;Oto_Box_11;NA;NA;1;BH-01758;1;TRUE
461;BH-01756;Oto_Box_11;NA;NA;1;BH-01756;1;TRUE
462;BH-01755;Oto_Box_11;NA;NA;1;BH-01755;1;TRUE
463;BH-01753;Oto_Box_11;NA;NA;1;BH-01753;1;TRUE
464;BH-01752;Oto_Box_11;NA;NA;1;BH-01752;1;TRUE
465;BH-01749;Oto_Box_11;NA;NA;1;BH-01749;1;TRUE
466;BH-01736;Oto_Box_11;2023_01_31;NA;1;BH-01736;2;FALSE
467;BH-01741;Oto_Box_11;NA;NA;1;BH-01741;1;TRUE
468;BH-01740;Oto_Box_11;NA;NA;1;BH-01740;1;TRUE
469;BH-01739;Oto_Box_11;NA;NA;1;BH-01739;1;TRUE
470;BH-01738;Oto_Box_11;NA;NA;1;BH-01738;1;TRUE
471;BH-01737;Oto_Box_11;NA;NA;1;BH-01737;1;TRUE
472;BH-01734;Oto_Box_11;NA;NA;1;BH-01734;1;TRUE
473;BH-01731;Oto_Box_11;NA;NA;1;BH-01731;1;TRUE
474;BH-01724;Oto_Box_11;NA;NA;1;BH-01724;1;TRUE
475;BH-01722;Oto_Box_11;NA;NA;1;BH-01722;1;TRUE
476;BH-01719;Oto_Box_11;NA;NA;1;BH-01719;1;TRUE
477;BH-01717;Oto_Box_11;NA;NA;1;BH-01717;1;TRUE
478;BH-01715;Oto_Box_11;NA;NA;1;BH-01715;1;TRUE
479;BH-01713;Oto_Box_11;NA;NA;1;BH-01713;1;TRUE
480;BH-01709;Oto_Box_11;NA;NA;1;BH-01709;1;TRUE
481;BH-01705;Oto_Box_11;NA;NA;1;BH-01705;1;TRUE
482;BH-01704;Oto_Box_11;NA;NA;1;BH-01704;1;TRUE
483;BH-01701;Oto_Box_11;NA;NA;2;BH-01701 - BH-01701.X;1;FALSE
484;BH-01970;Oto_Box_12;2023_01_31;NA;0;NA;1;FALSE
485;BH-01969;Oto_Box_12;2023_01_31;NA;0;NA;2;FALSE
486;BH-01952;Oto_Box_12;2023_01_31;NA;1;BH-01952;2;FALSE
487;BH-90861;Oto_Box_12;NA;NA;1;BH-90861;1;TRUE
488;BH-01939;Oto_Box_12;2023_01_31;NA;0;NA;1;FALSE
489;BH-01938;Oto_Box_12;2023_01_31;NA;0;NA;2;FALSE
490;BH-01932;Oto_Box_12;NA;NA;0;NA;2;FALSE
491;BH-91516;Oto_Box_12;NA;NA;0;NA;1;FALSE
492;BH-01964;Oto_Box_12;2023_01_31;NA;0;NA;2;FALSE
493;BH-01963;Oto_Box_12;2023_01_31;NA;1;BH-01963;2;FALSE
494;BH-01953;Oto_Box_12;2023_01_31;NA;1;BH-01953;2;FALSE
495;BH-01946;Oto_Box_12;2023_01_31;NA;0;NA;2;FALSE
496;BH-01940;Oto_Box_12;2023_01_31;NA;0;NA;2;FALSE
497;BH-01937;Oto_Box_12;2023_01_31;NA;0;BH-01937;1;TRUE
498;BH-01927;Oto_Box_12;NA;NA;0;NA;1;FALSE
499;BH-01933;Oto_Box_12;NA;NA;0;NA;1;FALSE
500;BH-01965;Oto_Box_12;2023_01_31;NA;0;NA;2;FALSE
501;BH-01960;Oto_Box_12;2023_01_31;NA;1;BH-01960;2;FALSE
502;BH-01954;Oto_Box_12;2023_01_31;NA;1;BH-01954;2;FALSE
503;BH-90869;Oto_Box_12;NA;NA;1;BH-90869;1;TRUE
504;BH-91106;Oto_Box_12;NA;NA;1;BH-91106;1;TRUE
505;BH-01936;Oto_Box_12;2023_01_31;NA;0;NA;2;FALSE
506;BH-00727;Oto_Box_12;NA;NA;1;BH-00727;1;TRUE
507;BH-91243;Oto_Box_12;NA;NA;1;BH-91243;1;TRUE
508;BH-01966;Oto_Box_12;2023_01_31;NA;0;NA;2;FALSE
509;BH-01961;Oto_Box_12;2023_01_31;NA;1;BH-01961;2;FALSE
510;BH-01955;Oto_Box_12;2023_01_31;NA;1;BH-01955;2;FALSE
511;BH-91353;Oto_Box_12;NA;NA;1;BH-91353;1;TRUE
512;BH-90988;Oto_Box_12;NA;NA;1;BH-90988;1;TRUE
513;BH-00962;Oto_Box_12;NA;NA;1;BH-00962;1;TRUE
514;BH-00726;Oto_Box_12;NA;NA;1;BH-00726;1;TRUE
515;BH-01930;Oto_Box_12;NA;NA;0;NA;1;FALSE
516;BH-01967;Oto_Box_12;2023_01_31;NA;0;NA;2;FALSE
517;BH-01962;Oto_Box_12;2023_01_31;NA;1;BH-01962;2;FALSE
518;BH-01956;Oto_Box_12;NA;NA;1;BH-01956;1;TRUE
519;BH-01947;Oto_Box_12;2023_01_31;NA;0;NA;2;FALSE
520;BH-91487;Oto_Box_12;NA;NA;1;BH-91487;1;TRUE
521;BH-01941;Oto_Box_12;2023_01_31;NA;0;NA;2;FALSE
522;BH-00728;Oto_Box_12;NA;NA;1;BH-00728;1;TRUE
523;BH-01931;Oto_Box_12;NA;NA;0;NA;1;FALSE
524;BH-01948;Oto_Box_12;2023_01_31;NA;0;NA;3;FALSE
525;BH-01968;Oto_Box_12;2023_01_31;NA;0;NA;2;FALSE
526;BH-00723;Oto_Box_12;NA;NA;1;BH-00723;1;TRUE
527;BH-93052;Oto_Box_12;NA;NA;1;BH-93052;1;TRUE
528;BH-01942;Oto_Box_12;2023_01_31;NA;0;NA;2;FALSE
529;BH-93082;Oto_Box_12;NA;NA;1;BH-93082;1;TRUE
530;BH-01732;Oto_Box_12;NA;NA;0;NA;1;FALSE
531;BH-90900;Oto_Box_12;NA;NA;1;BH-90900;1;TRUE
532;BH-00466;Oto_Box_12;NA;NA;1;BH-00466;1;TRUE
533;BH-01945;Oto_Box_12;2023_01_31;NA;0;NA;3;FALSE
534;BH-01957;Oto_Box_12;NA;NA;1;BH-01957;1;TRUE
535;BH-01949;Oto_Box_12;2023_01_31;NA;0;NA;2;FALSE
536;BH-91483;Oto_Box_12;NA;NA;1;BH-91483;1;TRUE
537;BH-01743;Oto_Box_12;NA;NA;0;NA;1;FALSE
538;BH-93102;Oto_Box_12;NA;NA;1;BH-93102;1;TRUE
539;BH-00725;Oto_Box_12;NA;NA;1;BH-00725;1;TRUE
540;BH-01928;Oto_Box_12;NA;NA;0;NA;1;FALSE
541;BH-01945;Oto_Box_12;2023_01_31;NA;0;NA;3;FALSE
542;BH-01958;Oto_Box_12;2023_01_31;NA;1;BH-01958;2;FALSE
543;BH-01950;Oto_Box_12;NA;NA;0;NA;1;FALSE
544;BH-91505;Oto_Box_12;NA;NA;1;BH-91505;1;TRUE
545;BH-90818;Oto_Box_12;NA;NA;1;BH-90818;1;TRUE
546;BH-91272;Oto_Box_12;NA;NA;1;BH-91272;1;TRUE
547;BH-00966;Oto_Box_12;NA;NA;1;BH-00966;1;TRUE
548;BH-01948;Oto_Box_12;2023_01_31;NA;0;NA;3;FALSE
549;BH-01959;Oto_Box_12;2023_01_31;NA;1;BH-01959;2;FALSE
550;BH-01951;Oto_Box_12;2023_01_31;NA;1;BH-01951;2;FALSE
551;BH-91455;Oto_Box_12;NA;NA;1;BH-91455;1;TRUE
552;BH-01944;Oto_Box_12;2023_01_31;NA;0;BH-01944;1;TRUE
553;BH-01934;Oto_Box_12;NA;NA;0;NA;1;FALSE
554;BH-01929;Oto_Box_12;NA;NA;0;NA;1;FALSE
555;BH-20361;Oto_Box_13;2023_01_31;NA;1;BH-20361;1;TRUE
556;BH-01974;Oto_Box_13;2023_01_31;NA;0;BH-01974;1;TRUE
557;BH-90830;Oto_Box_13;2023_01_31;NA;1;BH-90830;1;TRUE
558;BH-01976;Oto_Box_13;2023_01_31;NA;0;NA;1;FALSE
559;BH-01978;Oto_Box_13;2023_01_31;NA;0;NA;1;FALSE
560;BH-01979;Oto_Box_13;2023_01_31;NA;0;BH-01979;1;TRUE
561;BH-01981;Oto_Box_13;2023_01_31;NA;0;NA;1;FALSE
562;BH-01977;Oto_Box_13;2023_01_31;NA;0;NA;1;FALSE
563;BH-01980;Oto_Box_13;2023_01_31;NA;0;NA;1;FALSE
564;BH-01982;Oto_Box_13;2023_01_31;NA;0;BH-01982;1;TRUE
565;BH-01983;Oto_Box_13;2023_01_31;NA;0;NA;2;FALSE
566;BH-01984;Oto_Box_13;2023_01_31;NA;0;NA;1;FALSE
567;BH-01985;Oto_Box_13;2023_01_31;NA;0;NA;1;FALSE
568;BH-01986;Oto_Box_13;2023_01_31;NA;0;BH-01986;1;TRUE
569;BH-01987;Oto_Box_13;2023_01_31;NA;0;NA;1;FALSE
570;BH-90506;Oto_Box_13;2023_01_31;NA;1;BH-90506;1;TRUE
571;BH-01729;Oto_Box_13;2023_01_31;NA;1;BH-01729;1;TRUE
572;BH-01988;Oto_Box_13;2023_01_31;NA;0;NA;1;FALSE
573;BH-01989;Oto_Box_13;2023_01_31;NA;0;NA;1;FALSE
574;BH-01728;Oto_Box_13;2023_01_31;NA;1;BH-01728;1;TRUE
575;BH-90849;Oto_Box_13;2023_01_31;NA;1;BH-90849;1;TRUE
576;BH-91357;Oto_Box_13;2023_01_31;NA;1;BH-91357;1;TRUE
577;BH-20207;Oto_Box_13;2023_01_31;NA;1;BH-20207;1;TRUE
578;BH-90071;Oto_Box_13;2023_01_31;NA;1;BH-90071;1;TRUE
579;BH-01953;Oto_Box_13;2023_01_31;NA;1;BH-01953;2;FALSE
580;BH-00720;Oto_Box_13;2023_01_31;NA;1;BH-00720;1;TRUE
581;BH-01951;Oto_Box_13;2023_01_31;NA;1;BH-01951;2;FALSE
582;BH-91205;Oto_Box_13;2023_01_31;NA;1;BH-91205;1;TRUE
583;BH-00717;Oto_Box_13;2023_01_31;NA;1;BH-00717;1;TRUE
584;BH-00702;Oto_Box_13;2023_01_31;NA;1;BH-00702;1;TRUE
585;BH-00434;Oto_Box_13;2023_01_31;NA;1;BH-00434;1;TRUE
586;BH-01954;Oto_Box_13;2023_01_31;NA;1;BH-01954;2;FALSE
587;BH-01735;Oto_Box_13;2023_01_31;NA;1;BH-01735;1;TRUE
588;BH-01714;Oto_Box_13;2023_01_31;NA;1;BH-01714;1;TRUE
589;BH-90864;Oto_Box_13;2023_01_31;NA;1;BH-90864;1;TRUE
590;BH-00438;Oto_Box_13;2023_01_31;NA;1;BH-00438;1;TRUE
591;BH-00440;Oto_Box_13;2023_01_31;NA;1;BH-00440;1;TRUE
592;BH-01706;Oto_Box_13;2023_01_31;NA;1;BH-01706;1;TRUE
593;BH-01747;Oto_Box_13;2023_01_31;NA;1;BH-01747;1;TRUE
594;BH-01652;Oto_Box_13;2023_01_31;NA;2;BH-01652 - BH-01652.X;1;FALSE
595;BH-01661;Oto_Box_13;2023_01_31;NA;2;BH-01661 - BH-01661.X;1;FALSE
596;BH-01623;Oto_Box_13;2023_01_31;NA;1;BH-01623;1;TRUE
597;BH-01637;Oto_Box_13;2023_01_31;NA;2;BH-01637 - BH-01637.X;1;FALSE
598;BH-01647;Oto_Box_13;2023_01_31;NA;2;BH-01647 - BH-01647.X;1;FALSE
599;BH-01639;Oto_Box_13;2023_01_31;NA;2;BH-01639 - BH-01639.X;1;FALSE
600;BH-20174;Oto_Box_13;2023_01_31;NA;1;BH-20174;1;TRUE
601;BH-00463;Oto_Box_13;NA;NA;1;BH-00463;1;TRUE
602;BH-03002;Oto_Box_13;2023_01_31;NA;0;NA;1;FALSE
603;BH-01721;Oto_Box_13;2023_01_31;NA;0;NA;1;FALSE
604;BH-20367;Oto_Box_13;2023_01_31;NA;1;BH-20367;1;TRUE
605;BH-20221;Oto_Box_13;2023_01_31;NA;1;BH-20221;1;TRUE
606;BH-00716;Oto_Box_13;2023_01_31;NA;1;BH-00716;1;TRUE
607;BH-91081;Oto_Box_13;2023_01_31;NA;0;NA;1;FALSE
608;BH-90926;Oto_Box_13;2023_01_31;NA;1;BH-90926;1;TRUE
609;BH-91092;Oto_Box_13;2023_01_31;NA;1;BH-91092;1;TRUE
610;BH-20288;Oto_Box_13;2023_01_31;NA;1;BH-20288;1;TRUE
611;BH-03014;Oto_Box_13;2023_01_31;NA;0;BH-03014;1;TRUE
612;BH-00432;Oto_Box_13;2023_01_31;NA;1;BH-00432;1;TRUE
613;BH-01736;Oto_Box_13;2023_01_31;NA;1;BH-01736;2;FALSE
614;BH-00447;Oto_Box_13;2023_01_31;NA;1;BH-00447;1;TRUE
615;BH-00443;Oto_Box_13;2023_01_31;NA;1;BH-00443;1;TRUE
616;BH-90782;Oto_Box_13;2023_01_31;NA;1;BH-90782;1;TRUE
617;BH-03016;Oto_Box_13;2023_01_31;NA;0;BH-03016;1;TRUE
618;BH-00435;Oto_Box_13;2023_01_31;NA;1;BH-00435;1;TRUE
619;BH-00708;Oto_Box_13;2023_01_31;NA;1;BH-00708;1;TRUE
620;BH-01990;Oto_Box_13;2023_01_31;NA;0;NA;1;FALSE
621;BH-01991;Oto_Box_13;2023_01_31;NA;0;BH-01991;1;TRUE
622;BH-01992;Oto_Box_13;2023_01_31;NA;0;BH-01992;1;TRUE
623;BH-01993;Oto_Box_13;2023_01_31;NA;0;BH-01993;1;TRUE
624;BH-01616;Oto_Box_13;2023_01_31;NA;2;BH-01616 - BH-01616.X;1;FALSE
625;BH-00444;Oto_Box_13;2023_01_31;NA;1;BH-00444;1;TRUE
626;BH-90776;Oto_Box_13;2023_01_31;NA;1;BH-90776;1;TRUE
627;BH-20386;Oto_Box_14;2023_01_31;NA;1;BH-20386;1;TRUE
628;BH-90825;Oto_Box_14;2023_01_31;NA;1;BH-90825;1;TRUE
629;BH-20014;Oto_Box_14;2023_01_31;NA;1;BH-20014;1;TRUE
630;BH-01498;Oto_Box_14;2023_01_31;NA;0;BH-01498;1;TRUE
631;BH-03028;Oto_Box_14;2023_01_31;NA;0;BH-03028;1;TRUE
632;BH-03043;Oto_Box_14;2023_01_31;NA;0;BH-03043;1;TRUE
633;BH-02533;Oto_Box_14;2023_01_31;NA;0;BH-02533;1;TRUE
634;BH-90876;Oto_Box_14;2023_01_31;NA;1;BH-90876;1;TRUE
635;BH-91369;Oto_Box_14;2023_01_31;NA;1;BH-91369;1;TRUE
636;BH-90856;Oto_Box_14;2023_01_31;NA;1;BH-90856;1;TRUE
637;BH-00386;Oto_Box_14;2023_01_31;NA;1;BH-00386;1;TRUE
638;BH-90884;Oto_Box_14;2023_01_31;NA;1;BH-90884;1;TRUE
639;BH-03042;Oto_Box_14;2023_01_31;NA;0;BH-03042;1;TRUE
640;BH-03044;Oto_Box_14;2023_01_31;NA;0;BH-03044;1;TRUE
641;BH-00964;Oto_Box_14;2023_01_31;NA;1;BH-00964;1;TRUE
642;BH-91403;Oto_Box_14;NA;NA;1;BH-91403;1;TRUE
643;BH-91063;Oto_Box_14;2023_01_31;NA;1;BH-91063;1;TRUE
644;BH-91082;Oto_Box_14;2023_01_31;NA;1;BH-91082;1;TRUE
645;BH-90854;Oto_Box_14;2023_01_31;NA;1;BH-90854;1;TRUE
646;BH-90858;Oto_Box_14;2023_01_31;NA;1;BH-90858;1;TRUE
647;BH-00389;Oto_Box_14;2023_01_31;NA;1;BH-00389;1;TRUE
648;BH-00390;Oto_Box_14;2023_01_31;NA;1;BH-00390;1;TRUE
649;BH-90880;Oto_Box_14;NA;NA;1;BH-90880;1;TRUE
650;BH-00414;Oto_Box_14;2023_01_31;NA;1;BH-00414;1;TRUE
651;BH-00724;Oto_Box_14;2023_01_31;NA;1;BH-00724;1;TRUE
652;BH-91423;Oto_Box_14;2023_01_31;NA;1;BH-91423;1;TRUE
653;BH-91040;Oto_Box_14;2023_01_31;NA;1;BH-91040;1;TRUE
654;BH-90290;Oto_Box_14;2023_01_31;NA;1;BH-90290;1;TRUE
655;BH-03024;Oto_Box_14;2023_01_31;NA;0;BH-03024;1;TRUE
656;BH-91409;Oto_Box_14;2023_01_31;NA;0;NA;1;FALSE
657;BH-03026;Oto_Box_14;2023_01_31;NA;0;NA;1;FALSE
658;BH-91025;Oto_Box_14;2023_01_31;NA;1;BH-91025;1;TRUE
659;BH-03025;Oto_Box_14;2023_01_31;NA;0;BH-03025;1;TRUE
660;BH-91412;Oto_Box_14;2023_01_31;NA;0;NA;1;FALSE
661;BH-03041;Oto_Box_14;2023_01_31;NA;0;BH-03041;1;TRUE
662;BH-03027;Oto_Box_14;2023_01_31;NA;0;BH-03027;1;TRUE
663;BH-00963;Oto_Box_14;2023_01_31;NA;1;BH-00963;1;TRUE
664;BH-03010;Oto_Box_14;2023_01_31;NA;0;BH-03010;1;TRUE
665;BH-03023;Oto_Box_14;2023_01_31;NA;0;BH-03023;1;TRUE
666;BH-02516;Oto_Box_14;2023_01_31;NA;0;BH-02516;1;TRUE
667;BH-91395;Oto_Box_14;2023_01_31;NA;1;BH-91395;1;TRUE
668;BH-00439;Oto_Box_14;2023_01_31;NA;1;BH-00439;1;TRUE
669;BH-91376;Oto_Box_14;2023_01_31;NA;1;BH-91376;1;TRUE
670;BH-90893;Oto_Box_14;2023_01_31;NA;1;BH-90893;1;TRUE
671;BH-03008;Oto_Box_14;2023_01_31;NA;0;BH-03008;1;TRUE
672;BH-00703;Oto_Box_14;2023_01_31;NA;1;BH-00703;1;TRUE
673;BH-02505;Oto_Box_14;2023_01_31;NA;0;NA;1;FALSE
674;BH-00448;Oto_Box_14;2023_01_31;NA;1;BH-00448;1;TRUE
675;BH-90820;Oto_Box_14;2023_01_31;NA;1;BH-90820;1;TRUE
676;BH-03006;Oto_Box_14;2023_01_31;NA;0;BH-03006;1;TRUE
677;BH-91046;Oto_Box_14;2023_01_31;NA;1;BH-91046;1;TRUE
678;BH-00559;Oto_Box_14;2023_01_31;NA;1;BH-00559;1;TRUE
679;BH-00557;Oto_Box_14;2023_01_31;NA;1;BH-00557;1;TRUE
680;BH-03009;Oto_Box_14;2023_01_31;NA;0;NA;1;FALSE
681;BH-00713;Oto_Box_14;2023_01_31;NA;1;BH-00713;1;TRUE
682;BH-91420;Oto_Box_14;2023_01_31;NA;0;NA;1;FALSE
683;BH-90898;Oto_Box_14;2023_01_31;NA;1;BH-90898;1;TRUE
684;BH-03007;Oto_Box_14;2023_01_31;NA;0;BH-03007;1;TRUE
685;BH-90901;Oto_Box_14;2023_01_31;NA;1;BH-90901;1;TRUE
686;BH-91051;Oto_Box_14;NA;NA;1;BH-91051;1;TRUE
687;BH-91427;Oto_Box_14;2023_01_31;NA;1;BH-91427;1;TRUE
688;BH-90847;Oto_Box_14;2023_01_31;NA;1;BH-90847;1;TRUE
689;BH-00705;Oto_Box_14;2023_01_31;NA;1;BH-00705;1;TRUE
690;BH-01945;Oto_Box_14;2023_01_31;NA;0;NA;3;FALSE
691;BH-00965;Oto_Box_14;2023_01_31;NA;1;BH-00965;1;TRUE
692;BH-03018;Oto_Box_14;2023_01_31;NA;0;BH-03018;1;TRUE
693;BH-03020;Oto_Box_14;2023_01_31;NA;0;NA;1;FALSE
694;BH-00701;Oto_Box_14;2023_01_31;NA;1;BH-00701;1;TRUE
695;BH-03019;Oto_Box_14;2023_01_31;NA;0;NA;1;FALSE
696;BH-03017;Oto_Box_14;2023_01_31;NA;0;BH-03017;1;TRUE
697;BH-03022;Oto_Box_14;2023_01_31;NA;0;BH-03022;1;TRUE
698;BH-03015;Oto_Box_14;2023_01_31;NA;0;BH-03015;1;TRUE
699;BH-03021;Oto_Box_14;2023_01_31;NA;0;NA;1;FALSE
700;BH-03003;Oto_Box_14;2023_01_31;NA;0;BH-03003;1;TRUE
701;BH-20002;Oto_Boxes_15&16;2023_06_15;FIUM;1;BH-20002;1;TRUE
702;BH-20363;Oto_Boxes_15&16;2023_06_15;FIUM;1;BH-20363;1;TRUE
703;BH-20347;Oto_Boxes_15&16;2023_06_15;FIUM;1;BH-20347;1;TRUE
704;BH-20283;Oto_Boxes_15&16;2023_06_15;FIUM;1;BH-20283;2;FALSE
705;BH-20213;Oto_Boxes_15&16;2023_06_15;FIUM;1;BH-20213;1;TRUE
706;BH-20244;Oto_Boxes_15&16;2023_06_15;FIUM;1;BH-20244;1;TRUE
707;BH-20364;Oto_Boxes_15&16;2023_06_15;FIUM;1;BH-20364;1;TRUE
708;BH-20272;Oto_Boxes_15&16;2023_06_15;FIUM;1;BH-20272;1;TRUE
709;BH-20250;Oto_Boxes_15&16;2023_06_15;FIUM;1;BH-20250;2;FALSE
710;BH-20012;Oto_Boxes_15&16;2023_06_15;FIUM;1;BH-20012;1;TRUE
711;BH-20387;Oto_Boxes_15&16;2023_06_15;FIUM;1;BH-20387;1;TRUE
712;BH-20137;Oto_Boxes_15&16;2023_06_15;FIUM;1;BH-20137;1;TRUE
713;BH-20230;Oto_Boxes_15&16;2023_06_15;FIUM;1;BH-20230;1;TRUE
714;BH-20194;Oto_Boxes_15&16;2023_06_15;FIUM;1;BH-20194;1;TRUE
715;BH-20149;Oto_Boxes_15&16;2023_06_15;FIUM;1;BH-20149;1;TRUE
716;BH-20114;Oto_Boxes_15&16;2023_06_15;FIUM;1;BH-20114;1;TRUE
717;BH-20201;Oto_Boxes_15&16;2023_06_15;FIUM;1;BH-20201;1;TRUE
718;BH-20157;Oto_Boxes_15&16;2023_06_15;FIUM;1;BH-20157;1;TRUE
719;BH-20275;Oto_Boxes_15&16;2023_06_15;FIUM;1;BH-20275;1;TRUE
720;BH-20115;Oto_Boxes_15&16;2023_06_15;FIUM;1;BH-20115;1;TRUE
721;BH-20208;Oto_Boxes_15&16;2023_06_15;FIUM;1;BH-20208;1;TRUE
722;BH-20263;Oto_Boxes_15&16;2023_06_15;FIUM;1;BH-20263;1;TRUE
723;BH-20285;Oto_Boxes_15&16;2023_06_15;FIUM;1;BH-20285;1;TRUE
724;BH-20130;Oto_Boxes_15&16;2023_06_15;FIUM;1;BH-20130;1;TRUE
725;BH-20088;Oto_Boxes_15&16;2023_06_15;FIUM;1;BH-20088;1;TRUE
726;BH-20045;Oto_Boxes_15&16;2023_06_15;FIUM;1;BH-20045;1;TRUE
727;BH-20087;Oto_Boxes_15&16;2023_06_15;FIUM;1;BH-20087;1;TRUE
728;BH-20242;Oto_Boxes_15&16;2023_06_15;FIUM;1;BH-20242;1;TRUE
729;BH-20153;Oto_Boxes_15&16;2023_06_15;FIUM;1;BH-20153;1;TRUE
730;BH-20277;Oto_Boxes_15&16;2023_06_15;FIUM;1;BH-20277;1;TRUE
731;BH-20161;Oto_Boxes_15&16;2023_06_15;FIUM;1;BH-20161;1;TRUE
732;BH-20097;Oto_Boxes_15&16;2023_06_15;FIUM;1;BH-20097;1;TRUE
733;BH-20369;Oto_Boxes_15&16;2023_06_15;FIUM;1;BH-20369;1;TRUE
734;BH-20287;Oto_Boxes_15&16;2023_06_15;FIUM;1;BH-20287;1;TRUE
735;BH-20175;Oto_Boxes_15&16;2023_06_15;FIUM;1;BH-20175;1;TRUE
736;BH-20197;Oto_Boxes_15&16;2023_06_15;FIUM;1;BH-20197;1;TRUE
737;BH-20233;Oto_Boxes_15&16;2023_06_15;FIUM;1;BH-20233;1;TRUE
738;BH-20057;Oto_Boxes_15&16;2023_06_15;FIUM;1;BH-20057;1;TRUE
739;BH-20189;Oto_Boxes_15&16;2023_06_15;FIUM;1;BH-20189;1;TRUE
740;BH-20356;Oto_Boxes_15&16;2023_06_15;FIUM;1;BH-20356;1;TRUE
741;BH-20265;Oto_Boxes_15&16;2023_06_15;FIUM;1;BH-20265;1;TRUE
742;BH-20211;Oto_Boxes_15&16;2023_06_15;FIUM;1;BH-20211;1;TRUE
743;BH-20310;Oto_Boxes_15&16;2023_06_15;FIUM;1;BH-20310;1;TRUE
744;BH-20264;Oto_Boxes_15&16;2023_06_15;FIUM;1;BH-20264;1;TRUE
745;BH-20396;Oto_Boxes_15&16;2023_06_15;FIUM;1;BH-20396;1;TRUE
746;BH-20294;Oto_Boxes_15&16;2023_06_15;FIUM;1;BH-20294;1;TRUE
747;BH-20238;Oto_Boxes_15&16;2023_06_15;FIUM;1;BH-20238;1;TRUE
748;BH-20126;Oto_Boxes_15&16;2023_06_15;FIUM;1;BH-20126;1;TRUE
749;BH-20204;Oto_Boxes_15&16;2023_06_15;FIUM;1;BH-20204;1;TRUE
750;BH-20283;Oto_Boxes_15&16;2023_06_15;FIUM;1;BH-20283;2;FALSE
751;BH-20378;Oto_Boxes_15&16;2023_06_15;FIUM;1;BH-20378;1;TRUE
752;BH-20066;Oto_Boxes_15&16;2023_06_15;FIUM;1;BH-20066;1;TRUE
753;BH-20134;Oto_Boxes_15&16;2023_06_15;FIUM;1;BH-20134;1;TRUE
754;BH-20344;Oto_Boxes_15&16;2023_06_15;FIUM;1;BH-20344;1;TRUE
755;BH-20300;Oto_Boxes_15&16;2023_06_15;FIUM;1;BH-20300;1;TRUE
756;BH-20340;Oto_Boxes_15&16;2023_06_15;FIUM;1;BH-20340;1;TRUE
757;BH-20185;Oto_Boxes_15&16;2023_06_15;FIUM;1;BH-20185;1;TRUE
758;BH-20397;Oto_Boxes_15&16;2023_06_15;FIUM;1;BH-20397;1;TRUE
759;BH-20039;Oto_Boxes_15&16;2023_06_15;FIUM;1;BH-20039;1;TRUE
760;BH-20250;Oto_Boxes_15&16;2023_06_15;FIUM;1;BH-20250;2;FALSE
761;BH-20183;Oto_Boxes_15&16;2023_06_15;FIUM;1;BH-20183;1;TRUE
762;BH-20190;Oto_Boxes_15&16;2023_06_15;FIUM;0;NA;1;FALSE
763;BH-20379;Oto_Boxes_15&16;2023_06_15;FIUM;1;BH-20379;1;TRUE
764;BH-20296;Oto_Boxes_15&16;2023_06_15;FIUM;1;BH-20296;1;TRUE
765;BH-20335;Oto_Boxes_15&16;2023_06_15;FIUM;1;BH-20335;1;TRUE
766;BH-20374;Oto_Boxes_15&16;2023_06_15;FIUM;1;BH-20374;1;TRUE
767;BH-20232;Oto_Boxes_15&16;2023_06_15;FIUM;1;BH-20232;1;TRUE
768;BH-20355;Oto_Boxes_15&16;2023_06_15;FIUM;1;BH-20355;1;TRUE
769;BH-20127;Oto_Boxes_15&16;2023_06_15;FIUM;1;BH-20127_and_BH-50296;1;TRUE
770;BH-20217;Oto_Boxes_15&16;2023_06_15;FIUM;1;BH-20217;1;TRUE
771;BH-20357;Oto_Boxes_15&16;2023_06_15;FIUM;1;BH-20357;1;TRUE
772;BH-20078;Oto_Boxes_15&16;2023_06_15;FIUM;1;BH-20078;1;TRUE
773;BH-20067;Oto_Boxes_15&16;2023_06_15;FIUM;1;BH-20067;1;TRUE
774;BH-20104;Oto_Boxes_15&16;2023_06_15;FIUM;1;BH-20104;1;TRUE
775;BH-20346;Oto_Boxes_15&16;2023_06_15;FIUM;1;BH-20346;1;TRUE
776;BH-20353;Oto_Boxes_15&16;2023_06_15;FIUM;1;BH-20353;1;TRUE
777;BH-20076;Oto_Boxes_15&16;2023_06_15;FIUM;1;BH-20076;1;TRUE
778;BH-20038;Oto_Boxes_15&16;2023_06_15;FIUM;1;BH-20038;1;TRUE
779;BH-20278;Oto_Boxes_15&16;2023_06_15;FIUM;1;BH-20278;1;TRUE
780;BH-20200;Oto_Boxes_15&16;2023_06_15;FIUM;1;BH-20200;1;TRUE
781;BH-20222;Oto_Boxes_15&16;2023_06_15;FIUM;1;BH-20222;1;TRUE
782;BH-20206;Oto_Boxes_15&16;2023_06_15;FIUM;1;BH-20206;1;TRUE
783;BH-20321;Oto_Boxes_15&16;2023_06_15;FIUM;1;BH-20321;1;TRUE
784;BH-20317;Oto_Boxes_15&16;2023_06_15;FIUM;1;BH-20317;1;TRUE
785;BH-20362;Oto_Boxes_15&16;2023_06_15;FIUM;1;BH-20362;1;TRUE
786;BH-20100;Oto_Boxes_15&16;2023_06_15;FIUM;1;BH-20100;1;TRUE
787;BH-20236;Oto_Boxes_15&16;2023_06_15;FIUM;1;BH-20236;1;TRUE
788;BH-20377;Oto_Boxes_15&16;2023_06_15;FIUM;1;BH-20377;1;TRUE
789;BH-20268;Oto_Boxes_15&16;2023_06_15;FIUM;1;BH-20268;1;TRUE
790;BH-20235;Oto_Boxes_15&16;2023_06_15;FIUM;1;BH-20235;1;TRUE
791;BH-20177;Oto_Boxes_15&16;2023_06_15;FIUM;1;BH-20177;1;TRUE
792;BH-20241;Oto_Boxes_15&16;2023_06_15;FIUM;1;BH-20241;1;TRUE
793;BH-20297;Oto_Boxes_15&16;2023_06_15;FIUM;1;BH-20297;1;TRUE
794;BH-20227;Oto_Boxes_15&16;2023_06_15;FIUM;1;BH-20227;1;TRUE
795;BH-20273;Oto_Boxes_15&16;2023_06_15;FIUM;1;BH-20273;1;TRUE
796;BH-20093;Oto_Boxes_15&16;2023_06_15;FIUM;1;BH-20093;1;TRUE
797;BH-20193;Oto_Boxes_15&16;2023_06_15;FIUM;0;NA;1;FALSE
798;BH-20215;Oto_Boxes_15&16;2023_06_15;FIUM;1;BH-20215;1;TRUE
799;BH-20343;Oto_Boxes_15&16;2023_06_15;FIUM;1;BH-20343;1;TRUE
800;BH-20162;Oto_Boxes_15&16;2023_06_15;FIUM;1;BH-20162;1;TRUE
801;BH-20064;Oto_Boxes_15&16;2023_06_15;FIUM;1;BH-20064;1;TRUE
802;BH-20399;Oto_Boxes_15&16;2023_06_15;FIUM;1;BH-20399;1;TRUE
803;BH-20178;Oto_Boxes_15&16;2023_06_15;FIUM;0;NA;1;FALSE
804;BH-20031;Oto_Boxes_15&16;2023_06_15;FIUM;0;NA;1;FALSE
805;BH-20365;Oto_Boxes_15&16;2023_06_15;FIUM;1;BH-20365;1;TRUE
806;BH-20316;Oto_Boxes_15&16;2023_06_15;FIUM;1;BH-20316;1;TRUE
807;BH-20179;Oto_Boxes_15&16;2023_06_15;FIUM;1;BH-20179;1;TRUE
808;BH-20267;Oto_Boxes_15&16;2023_06_15;FIUM;1;BH-20267;1;TRUE
809;BH-20205;Oto_Boxes_15&16;2023_06_15;FIUM;1;BH-20205;1;TRUE
810;BH-20269;Oto_Boxes_15&16;2023_06_15;FIUM;1;BH-20269;1;TRUE
811;BH-20307;Oto_Boxes_15&16;2023_06_15;FIUM;1;BH-20307;1;TRUE
812;BH-20214;Oto_Boxes_15&16;2023_06_15;FIUM;1;BH-20214;1;TRUE
813;BH-20383;Oto_Boxes_15&16;2023_06_15;FIUM;1;BH-20383;1;TRUE
814;BH-20289;Oto_Boxes_15&16;2023_06_15;FIUM;1;BH-20289;1;TRUE
815;BH-20333;Oto_Boxes_15&16;2023_06_15;FIUM;1;BH-20333;1;TRUE
816;BH-20171;Oto_Boxes_15&16;2023_06_15;FIUM;1;BH-20171;1;TRUE
817;BH-20136;Oto_Boxes_15&16;2023_06_15;FIUM;1;BH-20136;1;TRUE
818;BH-20390;Oto_Boxes_15&16;2023_06_15;FIUM;1;BH-20390;1;TRUE
819;BH-20231;Oto_Boxes_15&16;2023_06_15;FIUM;1;BH-20231;1;TRUE
